"Player","Team","POS","ATT","YDS","TDS","REC","YDS","TDS","FL","FPTS"
" "," ","","",""
"Jahmyr Gibbs","DET","RB1","274.7","1381.5","13.8","71.3","581.0","4.1","1.1","301.7"
"Bijan Robinson","ATL","RB2","289.5","1426.5","9.5","79.3","735.9","3.5","1.8","290.3"
"Jonathan Taylor","IND","RB3","326.6","1504.6","12.9","42.9","341.5","1.5","1.7","267.2"
"Christian McCaffrey","SF","RB4","269.4","1093.6","8.7","78.4","694.0","4.6","1.1","256.4"
"Derrick Henry","BAL","RB5","314.0","1568.8","13.4","18.1","175.1","0.7","1.7","255.6"
"James Cook III","BUF","RB6","287.7","1405.1","10.3","33.3","283.7","1.9","2.4","237.3"
"De'Von Achane","MIA","RB7","238.3","1199.8","6.0","65.3","491.1","4.0","1.0","227.1"
"Saquon Barkley","PHI","RB8","295.8","1299.1","8.2","41.7","330.4","2.1","1.0","222.9"
"Puka Nacua","LAR","WR1","13.6","85.0","1.4","117.0","1539.0","9.0","1.0","222.8"
"Ashton Jeanty","LV","RB9","281.0","1105.2","8.0","58.7","414.6","3.3","1.1","218.0"
"Ja'Marr Chase","CIN","WR2","3.0","17.0","0.0","121.2","1511.6","10.6","1.0","214.8"
"Chase Brown","CIN","RB10","238.5","1036.8","7.8","63.8","427.6","4.0","1.1","214.8"
"Josh Jacobs","GB","RB11","273.9","1101.6","11.7","35.3","280.0","1.2","1.3","213.3"
"Jaxon Smith-Njigba","SEA","WR3","5.5","30.4","0.1","110.9","1569.4","9.2","1.1","213.2"
"Kenneth Walker III","KC","RB12","262.5","1191.4","8.7","45.8","353.1","1.2","0.9","212.2"
"Kyren Williams","LAR","RB13","240.2","1118.4","10.1","33.8","239.6","2.2","1.5","206.4"
"Omarion Hampton","LAC","RB14","243.7","1035.1","9.5","50.2","342.8","1.9","1.0","204.0"
"Amon-Ra St. Brown","DET","WR4","3.1","11.8","0.0","117.4","1390.9","10.5","0.4","202.5"
"Javonte Williams","DAL","RB15","256.2","1160.0","10.4","33.0","192.0","1.2","1.6","201.1"
"Jeremiyah Love","ARI","RB16","237.2","1068.9","7.2","54.7","423.1","2.1","2.2","200.7"
"Breece Hall","NYJ","RB17","249.0","1113.2","6.2","46.4","404.6","2.3","1.7","199.0"
"Cam Skattebo","NYG","RB18","240.0","1000.1","8.1","44.0","350.0","2.5","1.6","195.3"
"D'Andre Swift","CHI","RB19","233.1","1053.4","8.0","35.1","303.5","1.0","1.0","188.3"
"Travis Etienne Jr.","NO","RB20","245.3","1040.0","5.4","44.8","353.4","3.0","1.0","187.8"
"Drake London","ATL","WR5","0.0","0.0","0.0","101.7","1327.6","9.1","1.0","185.4"
"Bucky Irving","TB","RB21","256.1","1019.7","6.1","39.9","336.7","2.2","1.0","183.8"
"Quinshon Judkins","CLE","RB22","289.2","1105.3","8.1","31.3","218.8","0.6","0.9","182.8"
"Bhayshul Tuten","JAC","RB23","239.4","979.6","8.2","29.2","222.1","2.1","2.2","178.1"
"CeeDee Lamb","DAL","WR6","2.4","12.6","0.0","97.5","1295.8","7.5","0.3","175.5"
"Rashee Rice","KC","WR7","5.4","25.6","0.9","99.1","1101.0","9.7","0.6","175.0"
"Justin Jefferson","MIN","WR8","1.3","5.5","0.0","98.9","1310.9","7.1","0.3","173.9"
"George Pickens","DAL","WR9","0.3","0.0","0.0","82.5","1200.5","8.4","0.4","169.5"
"A.J. Brown","NE","WR10","0.0","0.0","0.0","87.7","1221.7","7.7","0.3","167.5"
"Nico Collins","HOU","WR11","1.4","8.3","0.4","82.5","1210.2","7.3","0.8","165.9"
"David Montgomery","HOU","RB24","231.5","959.7","7.7","30.8","228.7","0.5","1.5","165.1"
"Chris Olave","NO","WR12","0.3","0.0","0.0","94.4","1183.4","7.9","0.3","165.0"
"Jadarian Price","SEA","RB25","215.5","913.2","8.0","26.0","220.1","1.1","2.0","163.6"
"Zay Flowers","BAL","WR13","9.9","58.8","0.5","81.2","1157.2","6.5","1.5","160.5"
"Malik Nabers","NYG","WR14","2.8","8.3","0.1","81.0","1082.9","8.4","0.4","159.3"
"TreVeyon Henderson","NE","RB26","187.1","858.9","6.9","36.0","249.1","1.1","0.8","157.3"
"J.K. Dobbins","DEN","RB27","219.6","1027.5","6.9","19.5","104.5","0.6","0.7","156.6"
"Tony Pollard","TEN","RB28","236.2","1033.7","5.5","31.9","208.2","0.5","2.1","155.9"
"Emeka Egbuka","TB","WR15","1.4","7.3","0.0","73.2","1098.5","7.5","0.3","155.1"
"Jaylen Warren","PIT","RB29","188.0","826.8","5.2","42.4","321.7","1.8","0.9","154.9"
"Davante Adams","LAR","WR16","0.0","0.0","0.0","68.8","926.2","10.2","0.2","153.4"
"Jameson Williams","DET","WR17","7.3","42.0","0.5","64.4","1065.7","6.6","0.2","152.9"
"Tetairoa McMillan","CAR","WR18","0.0","0.0","0.0","81.2","1146.0","6.6","0.9","152.5"
"Tee Higgins","CIN","WR19","0.0","0.0","0.0","70.8","965.4","9.1","0.2","151.0"
"Rhamondre Stevenson","NE","RB30","168.6","723.1","6.6","37.9","318.9","1.7","2.1","149.7"
"DeVonta Smith","PHI","WR20","0.0","0.0","0.0","87.8","1135.0","6.0","0.3","149.0"
"Rico Dowdle","PIT","RB31","200.0","869.8","5.8","31.8","222.3","1.0","1.0","148.5"
"Brock Bowers","LV","TE1","0.0","0.0","0.0","96.6","1026.9","7.5","0.2","147.5"
"Garrett Wilson","NYJ","WR21","1.1","4.3","0.0","96.3","1095.8","6.4","1.0","146.6"
"Trey McBride","ARI","TE2","0.0","0.0","0.0","108.9","1051.1","6.8","0.2","145.3"
"Rome Odunze","CHI","WR22","0.3","1.3","0.0","62.4","963.4","7.8","0.3","142.7"
"Ladd McConkey","LAC","WR23","0.0","0.0","0.0","79.2","1010.1","6.8","0.3","141.1"
"Terry McLaurin","WAS","WR24","0.3","0.3","0.0","69.0","972.5","7.4","0.3","140.9"
"Chuba Hubbard","CAR","RB32","186.5","761.6","5.0","36.1","256.0","1.8","0.9","140.4"
"DJ Moore","BUF","WR25","10.3","54.0","0.5","69.4","905.1","7.0","0.8","139.1"
"Alec Pierce","IND","WR26","0.0","0.0","0.0","58.5","1010.6","6.4","0.3","139.1"
"Christian Watson","GB","WR27","1.7","8.0","0.0","57.6","930.4","7.3","0.3","137.6"
"Mike Evans","SF","WR28","0.0","0.0","0.0","67.4","950.8","7.0","0.2","136.4"
"Jaylen Waddle","DEN","WR29","1.7","12.4","0.0","74.2","992.2","6.0","0.3","136.0"
"Luther Burden III","CHI","WR30","7.7","38.2","0.1","72.7","973.1","5.7","0.3","135.4"
"Jacory Croskey-Merritt","WAS","RB33","182.8","821.7","7.5","12.0","89.0","0.2","1.8","133.8"
"Kyle Monangai","CHI","RB34","191.3","817.3","5.2","22.9","195.0","0.4","0.7","133.3"
"Colston Loveland","CHI","TE3","0.0","0.0","0.0","79.1","927.5","6.7","0.2","132.3"
"Courtland Sutton","DEN","WR31","0.0","0.0","0.0","67.4","884.7","7.2","0.2","131.2"
"DK Metcalf","PIT","WR32","0.7","3.3","0.3","64.3","926.8","6.1","0.2","131.0"
"Jordan Mason","MIN","RB35","192.8","878.0","6.1","14.5","75.8","0.1","1.1","130.7"
"Marvin Harrison Jr.","ARI","WR33","0.0","0.0","0.0","67.3","945.0","6.0","0.3","130.0"
"Jonathon Brooks","CAR","RB36","179.7","743.2","5.1","27.9","211.6","1.1","1.5","129.7"
"Rachaad White","WAS","RB37","140.3","619.0","5.4","36.5","251.3","1.6","0.8","127.2"
"Blake Corum","LAR","RB38","167.6","801.5","6.4","11.9","80.4","0.2","0.7","126.7"
"Brian Thomas Jr.","JAC","WR34","2.7","17.7","0.4","58.0","872.2","5.4","0.2","123.1"
"Parker Washington","JAC","WR35","5.0","13.6","0.1","62.6","862.5","5.7","0.4","121.7"
"RJ Harvey","DEN","RB39","115.9","439.3","4.3","45.9","341.6","3.2","0.7","121.5"
"Aaron Jones Sr.","MIN","RB40","149.9","638.1","3.1","40.7","300.7","1.7","1.0","120.4"
"Tyler Warren","IND","TE4","0.0","0.0","0.0","79.0","878.1","5.5","0.3","120.2"
"Kenny Gainwell","TB","RB41","113.6","497.8","3.9","49.7","352.3","2.0","0.9","118.4"
"Tucker Kraft","GB","TE5","0.0","0.0","0.0","61.5","785.8","6.5","0.2","116.9"
"Quentin Johnston","LAC","WR36","1.7","5.9","0.0","53.6","757.3","6.9","0.7","116.3"
"Kyle Pitts Sr.","ATL","TE6","0.0","0.0","0.0","79.5","880.9","4.7","0.1","116.2"
"Dallas Goedert","PHI","TE7","0.0","0.0","0.0","65.5","688.9","7.6","0.2","113.9"
"Jordan Addison","MIN","WR37","2.7","37.1","0.4","55.2","758.4","5.4","0.2","113.7"
"Sam LaPorta","DET","TE8","0.0","0.0","0.0","70.4","813.9","5.5","0.2","113.7"
"Carnell Tate","TEN","WR38","0.7","3.0","0.0","65.2","887.6","4.5","1.4","113.3"
"Jayden Reed","GB","WR39","12.0","86.9","0.1","63.1","757.7","4.8","0.4","113.2"
"Harold Fannin Jr.","CLE","TE9","0.0","0.0","0.0","78.7","816.3","5.4","0.8","112.5"
"Xavier Worthy","KC","WR40","15.5","99.4","0.9","55.2","722.7","4.2","0.2","112.4"
"Deebo Samuel Sr.","SF","WR41","29.1","111.7","1.1","58.3","666.2","4.5","0.4","110.5"
"Jakobi Meyers","JAC","WR42","4.3","22.7","0.1","68.3","787.7","5.1","0.8","110.4"
"Michael Pittman Jr.","PIT","WR43","0.0","0.0","0.0","80.5","806.1","5.0","0.3","109.8"
"George Kittle","SF","TE10","0.0","0.0","0.0","66.3","753.4","5.7","0.2","109.4"
"Michael Wilson","ARI","WR44","0.0","0.7","0.0","67.5","826.4","4.5","0.2","109.1"
"Matthew Golden","GB","WR45","8.2","40.9","0.1","56.8","787.0","4.3","0.4","108.6"
"Chris Godwin Jr.","TB","WR46","0.3","0.3","0.0","67.8","773.9","5.2","0.3","107.9"
"Mark Andrews","BAL","TE11","0.0","0.0","0.0","59.7","618.5","7.7","0.3","107.5"
"Travis Kelce","KC","TE12","0.0","0.0","0.0","74.9","785.7","4.8","0.3","107.1"
"Rashid Shaheed","SEA","WR47","13.4","88.9","0.3","49.9","755.3","3.8","0.8","106.8"
"Zach Charbonnet","SEA","RB42","130.5","533.0","5.6","19.8","147.0","0.5","0.7","103.3"
"Dalton Kincaid","BUF","TE13","0.0","0.0","0.0","57.1","706.8","5.5","0.2","103.1"
"Isaiah Likely","NYG","TE14","0.0","0.0","0.0","62.8","745.2","5.0","1.3","102.2"
"Calvin Ridley","TEN","WR48","4.5","27.6","0.6","46.7","762.4","3.2","0.2","101.5"
"Romeo Doubs","NE","WR49","0.0","0.0","0.0","55.2","712.3","5.1","0.3","101.3"
"Wan'Dale Robinson","TEN","WR50","2.0","9.5","0.1","79.9","805.9","3.3","0.3","101.2"
"Woody Marks","HOU","RB43","142.7","555.8","2.7","24.1","197.4","1.8","0.8","100.3"
"De'Zhaun Stribling","SF","WR51","1.5","6.5","0.0","51.3","751.6","4.5","1.2","100.1"
"KC Concepcion","CLE","WR52","4.2","22.5","0.1","60.1","779.1","3.6","1.3","99.6"
"Stefon Diggs","WAS","WR53","0.3","0.7","0.0","67.0","747.5","4.2","0.2","99.2"
"Makai Lemon","PHI","WR54","1.5","6.5","0.0","52.8","738.2","4.4","1.3","98.1"
"Josh Downs","IND","WR55","1.4","4.2","0.0","71.5","731.6","4.2","0.8","97.6"
"Keenan Allen","IND","WR56","0.0","0.0","0.0","62.0","675.0","5.0","0.0","97.5"
"Jalen Coker","CAR","WR57","0.0","0.0","0.0","60.7","717.5","4.5","0.8","97.0"
"Alvin Kamara","NO","RB44","128.2","493.7","2.8","35.0","244.2","1.3","0.8","96.7"
"Rashod Bateman","BAL","WR58","0.0","0.0","0.0","38.8","598.6","6.0","0.2","95.4"
"Khalil Shakir","BUF","WR59","1.1","5.5","0.0","69.7","726.3","3.9","0.8","95.2"
"Isiah Pacheco","DET","RB45","139.5","581.8","3.5","21.1","136.4","0.6","0.8","94.9"
"Hunter Henry","NE","TE15","0.0","0.0","0.0","55.6","645.2","5.1","0.1","94.8"
"Jake Ferguson","DAL","TE16","0.0","0.0","0.0","73.9","606.4","5.9","1.4","93.5"
"Denzel Boston","CLE","WR60","1.0","5.0","0.0","57.4","741.5","3.5","1.3","93.0"
"Tyrone Tracy Jr.","NYG","RB46","119.7","506.8","2.5","27.3","210.8","1.2","0.8","92.8"
"Tyjae Spears","TEN","RB47","94.8","379.6","3.0","45.9","306.1","1.2","0.7","92.2"
"Tre Tucker","LV","WR61","11.2","52.6","0.2","50.2","635.6","3.8","0.1","92.1"
"Brenton Strange","JAC","TE17","0.0","0.0","0.0","60.0","661.2","4.3","0.2","91.7"
"Tank Dell","HOU","WR62","10.2","48.8","0.1","50.0","630.7","3.8","0.2","91.2"
"Jerry Jeudy","CLE","WR63","0.5","2.0","0.0","54.7","747.4","2.9","0.7","90.7"
"Chris Rodriguez Jr.","JAC","RB48","135.5","560.8","5.1","5.4","42.8","0.1","0.6","90.2"
"Juwan Johnson","NO","TE18","0.0","0.0","0.0","64.7","730.4","3.3","1.3","90.0"
"Ja'Kobi Lane","BAL","WR64","1.5","8.5","0.0","37.8","569.3","5.2","0.7","87.9"
"Jalen McMillan","TB","WR65","4.7","26.8","0.1","46.6","607.3","3.9","0.2","87.2"
"Jalen Nailor","LV","WR66","2.0","8.5","0.0","43.7","591.2","4.5","0.2","86.8"
"Brian Robinson Jr.","ATL","RB49","129.8","564.2","4.3","6.9","43.1","0.1","0.7","86.1"
"Jauan Jennings","MIN","WR67","0.0","0.0","0.0","48.7","557.7","5.2","0.7","85.3"
"Dalton Schultz","HOU","TE19","0.0","0.0","0.0","65.8","628.7","3.4","0.2","82.7"
"Braelon Allen","NYJ","RB50","111.8","449.0","4.5","13.9","100.8","0.7","1.7","82.6"
"AJ Dillon","CAR","RB51","120.0","529.0","3.0","18.0","146.0","1.0","5.0","81.5"
"Pat Freiermuth","PIT","TE20","0.0","0.0","0.0","53.0","560.0","4.3","0.2","81.2"
"Terrance Ferguson","LAR","TE21","0.0","0.0","0.0","37.3","516.8","4.8","0.2","80.1"
"Jordyn Tyson","NO","WR68","0.3","2.3","0.0","45.5","613.7","3.2","0.7","79.6"
"Justice Hill","BAL","RB52","56.4","273.7","2.2","32.7","283.4","1.8","0.2","79.4"
"Greg Dulcich","MIA","TE22","0.0","0.0","0.0","54.6","620.0","3.2","1.2","79.0"
"Devaughn Vele","NO","WR69","0.0","0.0","0.0","47.3","567.9","3.7","0.2","78.5"
"Tank Bigsby","PHI","RB53","104.6","510.9","4.2","3.8","31.8","0.1","0.7","78.4"
"Samaje Perine","CIN","RB54","98.5","441.8","3.7","17.9","135.7","0.4","1.9","78.2"
"Tyler Allgeier","ARI","RB55","111.7","424.8","4.2","17.1","108.4","0.2","0.6","78.2"
"Cooper Kupp","SEA","WR70","0.5","1.5","0.0","47.4","584.8","3.4","0.7","77.8"
"Kenyon Sadiq","NYJ","TE23","0.0","0.0","0.0","49.7","546.6","4.1","0.7","77.6"
"T.J. Hockenson","MIN","TE24","0.0","0.0","0.0","63.9","574.5","3.3","0.2","76.7"
"Kayshon Boutte","NE","WR71","0.0","0.0","0.0","33.2","501.5","4.3","0.1","75.9"
"AJ Barner","SEA","TE25","0.0","0.0","0.0","48.6","469.9","4.9","0.2","75.8"
"Jordan James","SF","RB56","100.1","407.1","3.1","16.1","148.5","0.7","1.2","75.7"
"Adonai Mitchell","NYJ","WR72","2.1","5.1","0.1","39.7","549.3","3.3","0.7","74.1"
"Cade Otton","TB","TE26","0.0","0.0","0.0","54.8","557.8","3.1","0.1","74.1"
"Chig Okonkwo","WAS","TE27","0.0","0.0","0.0","52.8","569.8","2.8","0.1","73.4"
"Dylan Sampson","CLE","RB57","73.5","254.1","1.4","35.9","285.1","2.1","1.2","72.1"
"Ty Johnson","BUF","RB58","51.9","218.8","2.0","24.9","252.7","2.1","0.2","71.6"
"Travis Hunter","JAC","WR73","2.0","10.8","0.1","41.6","496.6","3.3","0.4","70.2"
"Keaton Mitchell","LAC","RB59","95.6","432.8","2.2","15.5","114.5","0.4","0.7","68.9"
"Oronde Gadsden II","LAC","TE28","0.0","0.0","0.0","40.4","509.2","3.2","0.6","68.8"
"Antonio Williams","WAS","WR74","3.5","18.7","0.1","35.5","497.2","3.1","1.2","68.7"
"Bub Means","NO","WR75","1.0","6.0","0.0","38.0","519.0","3.0","1.0","68.5"
"Dontayvion Wicks","PHI","WR76","0.0","0.0","0.0","39.5","517.8","2.9","0.4","68.4"
"Germie Bernard","PIT","WR77","2.1","10.8","0.0","41.2","507.7","2.9","0.7","68.0"
"Mike Washington Jr.","LV","RB60","101.0","379.6","2.6","15.7","127.5","0.6","1.2","67.8"
"Tyquan Thornton","KC","WR78","0.0","0.0","0.0","25.4","467.7","3.5","0.1","67.5"
"Malik Washington","MIA","WR79","13.5","80.8","0.7","45.6","414.2","2.4","0.8","66.5"
"Emari Demercado","KC","RB61","76.8","427.0","1.7","16.4","119.7","0.8","1.7","66.4"
"Caleb Douglas","MIA","WR80","1.0","5.5","0.0","39.6","511.4","2.6","0.7","65.8"
"Darren Waller","CAR","TE29","0.0","0.0","0.0","37.4","392.8","4.3","0.1","65.1"
"Mike Gesicki","CIN","TE30","0.0","0.0","0.0","41.4","434.3","3.6","0.1","64.7"
"Darius Slayton","NYG","WR81","1.6","8.6","0.0","35.7","526.1","2.0","0.7","64.4"
"Kaelon Black","SF","RB62","93.7","369.8","3.0","8.5","79.2","0.6","1.1","64.4"
"Tory Horton","SEA","WR82","0.5","3.0","0.0","30.3","401.5","4.2","0.6","64.2"
"Troy Franklin","DEN","WR83","3.0","10.8","0.0","36.5","403.2","3.9","0.6","63.8"
"Evan Engram","DEN","TE31","0.0","0.0","0.0","53.4","475.9","2.7","0.1","63.7"
"Gunnar Helm","TEN","TE32","0.0","0.0","0.0","48.9","444.1","3.1","0.2","62.7"
"David Njoku","LAC","TE33","0.0","0.0","0.0","38.3","363.2","4.3","0.1","61.8"
"Najee Harris","NYG","RB63","80.0","353.0","3.0","9.0","75.0","0.0","0.0","60.8"
"Isaac TeSlaa","DET","WR84","0.0","0.0","0.0","25.4","352.4","4.1","0.1","59.7"
"Chris Bell","MIA","WR85","1.0","5.5","0.0","35.4","445.9","2.6","0.6","59.4"
"Omar Cooper Jr.","NYJ","WR86","2.1","12.5","0.1","34.6","410.8","2.9","0.6","58.5"
"Colby Parkinson","LAR","TE34","0.0","0.0","0.0","34.3","352.5","4.0","0.6","58.2"
"Xavier Legette","CAR","WR87","2.1","10.8","0.1","35.9","417.6","2.6","0.4","57.9"
"Jahan Dotson","ATL","WR88","0.0","0.0","0.0","35.2","443.3","2.3","0.3","57.3"
"Jonah Coleman","DEN","RB64","65.5","272.4","2.1","17.4","126.6","0.8","0.3","56.7"
"Adam Randall","BAL","RB65","55.1","281.2","2.0","10.8","108.4","1.1","0.6","56.2"
"Christian Kirk","SF","WR89","0.0","0.0","0.0","34.5","406.4","2.6","0.1","55.9"
"Ryan Flournoy","DAL","WR90","2.2","12.4","0.1","33.8","383.0","2.7","0.4","55.4"
"Tre' Harris","LAC","WR91","0.0","0.0","0.0","34.5","410.5","2.5","0.4","55.2"
"Mason Taylor","NYJ","TE35","0.0","0.0","0.0","45.8","403.5","2.4","0.1","54.8"
"Elic Ayomanor","TEN","WR92","0.0","0.0","0.0","25.4","342.8","3.3","0.0","54.0"
"Ted Hurst III","TB","WR93","1.0","6.5","0.0","29.4","389.9","2.6","0.6","53.8"
"Hollywood Brown","PHI","WR94","0.0","0.0","0.0","28.2","349.4","3.0","0.1","52.9"
"Andrei Iosivas","CIN","WR95","2.5","11.0","0.0","27.8","352.4","2.6","0.1","51.8"
"Jalen Tolbert","MIA","WR96","0.0","0.0","0.0","33.9","420.3","1.7","0.3","51.6"
"Chimere Dike","TEN","WR97","10.1","33.7","0.3","27.8","271.6","3.4","0.6","51.4"
"Malik Benson","LV","WR98","1.0","4.0","0.0","33.7","401.2","1.9","0.6","50.7"
"Dawson Knox","BUF","TE36","0.0","0.0","0.0","28.6","331.7","2.9","0.1","50.6"
"Keon Coleman","BUF","WR99","0.0","0.0","0.0","24.4","337.7","2.8","0.2","50.2"
"Michael Mayer","LV","TE37","0.0","0.0","0.0","40.0","378.0","2.1","0.1","50.2"
"Chris Brooks","GB","RB66","72.7","324.1","1.3","13.4","93.3","0.2","0.6","49.8"
"Zachariah Branch","ATL","WR100","0.0","0.0","0.0","31.4","381.7","1.9","0.3","48.9"
"Theo Johnson","NYG","TE38","0.0","0.0","0.0","27.5","313.7","2.9","0.1","48.4"
"Kimani Vidal","LAC","RB67","60.2","234.2","1.6","11.9","104.5","0.7","0.1","47.1"
"Ashton Dulin","IND","WR101","5.1","46.1","0.1","17.5","338.3","1.3","0.1","46.6"
"Jaydon Blue","DAL","RB68","62.4","263.0","1.9","8.7","61.7","0.4","0.3","45.9"
"Jaylin Noel","HOU","WR102","4.2","22.2","0.1","28.7","323.0","1.8","0.3","45.6"
"MarShawn Lloyd","GB","RB69","62.3","259.0","1.9","8.5","62.9","0.4","0.2","45.5"
"KaVontae Turpin","DAL","WR103","17.8","103.2","0.4","18.1","229.5","1.7","0.4","45.4"
"Tyler Higbee","LAR","TE39","0.0","0.0","0.0","26.1","306.5","2.4","0.0","45.1"
"Pat Bryant","DEN","WR104","0.0","0.0","0.0","28.4","320.5","2.1","0.3","44.2"
"Joshua Palmer","BUF","WR105","0.0","0.0","0.0","25.9","342.2","1.6","0.1","43.8"
"Emanuel Wilson","SEA","RB70","70.2","290.5","1.7","7.7","52.1","0.0","0.5","43.6"
"Jaylen Wright","MIA","RB71","79.9","308.9","1.5","7.2","52.5","0.1","1.2","43.5"
"James Conner","ARI","RB72","42.5","153.5","1.5","18.0","131.5","1.0","0.0","43.5"
"Darnell Washington","PIT","TE40","0.0","0.0","0.0","30.7","329.1","2.0","0.6","43.4"
"Marvin Mims Jr.","DEN","WR106","8.2","45.2","0.3","24.1","273.1","1.6","0.4","42.7"
"Malik Davis","DAL","RB73","57.5","276.5","2.0","4.5","37.5","0.0","0.5","42.4"
"Darnell Mooney","NYG","WR107","2.2","11.9","0.1","21.4","308.6","1.7","0.2","42.1"
"Cole Kmet","CHI","TE41","0.0","0.0","0.0","26.2","274.1","2.2","0.1","40.6"
"Jahdae Walker","CHI","WR108","0.5","3.5","0.0","17.6","233.3","2.7","0.0","39.6"
"Olamide Zaccheaus","ATL","WR109","1.5","9.5","0.0","30.1","276.7","1.8","0.1","39.3"
"Savion Williams","GB","WR110","9.0","46.9","0.3","20.5","230.9","1.7","0.3","39.3"
"Calvin Austin III","NYG","WR111","0.0","0.0","0.0","19.6","261.7","2.2","0.0","39.2"
"Jawhar Jordan","HOU","RB74","51.3","218.0","1.1","11.0","86.0","0.5","0.5","39.1"
"DeMario Douglas","NE","WR112","4.1","21.4","0.2","22.7","270.9","1.5","0.3","38.6"
"Erick All Jr.","CIN","TE42","0.0","0.0","0.0","30.5","268.6","1.9","0.1","38.3"
"Jack Bech","LV","WR113","0.0","0.0","0.0","27.7","315.0","1.2","0.3","38.1"
"Malachi Fields","NYG","WR114","0.0","0.0","0.0","23.0","279.5","1.5","0.2","36.7"
"Cedric Tillman","CLE","WR115","0.0","-0.5","0.0","18.5","235.6","2.1","0.0","36.1"
"Luke McCaffrey","WAS","WR116","0.0","0.0","0.0","14.4","221.1","2.3","0.0","35.5"
"Demarcus Robinson","SF","WR117","0.5","2.5","0.0","17.6","253.0","1.7","0.0","35.4"
"Will Kacmarek","MIA","TE43","0.0","0.0","0.0","26.6","251.2","1.9","0.6","35.3"
"Tutu Atwell","MIA","WR118","2.2","11.4","0.1","21.8","311.6","0.5","0.2","35.3"
"Charlie Kolar","LAC","TE44","0.0","0.0","0.0","20.2","230.3","2.0","0.1","35.2"
"Noah Fant","NO","TE45","0.0","0.0","0.0","29.3","274.5","1.6","1.6","33.9"
"Josh Oliver","MIN","TE46","0.0","0.0","0.0","18.6","194.3","2.4","0.1","33.6"
"Isaiah Davis","NYJ","RB75","35.1","174.7","1.2","9.9","78.7","0.2","0.1","33.5"
"Austin Hooper","ATL","TE47","0.0","0.0","0.0","22.5","236.4","1.6","0.1","33.1"
"George Holani","SEA","RB76","38.9","164.1","1.5","8.0","62.2","0.3","0.2","33.1"
"Daniel Bellinger","TEN","TE48","0.0","0.0","0.0","19.3","222.3","1.8","0.0","32.6"
"Frank Gore Jr.","BUF","RB77","37.0","174.0","2.0","3.0","26.0","0.0","0.0","32.0"
"Roschon Johnson","CHI","RB78","34.0","116.0","3.0","3.0","18.0","0.0","0.0","31.4"
"Brock Wright","DET","TE49","0.0","0.0","0.0","19.9","175.6","2.3","0.0","31.4"
"Kyle Juszczyk","SF","RB79","4.2","10.3","0.1","23.7","209.0","1.5","0.1","31.1"
"Theo Wease Jr.","MIA","WR190","0.0","0.0","0.0","16.0","233.0","1.3","0.0","31.1"
"Ollie Gordon II","MIA","RB80","49.4","203.5","1.2","3.9","27.7","0.1","0.2","30.9"
"Dyami Brown","WAS","WR119","0.0","0.0","0.0","15.9","216.9","1.6","0.2","30.9"
"Sean Tucker","TB","RB81","38.8","163.6","2.2","1.5","10.2","0.0","0.1","30.6"
"Noah Gray","KC","TE50","0.0","0.0","0.0","21.0","211.8","1.5","0.1","29.9"
"Treylon Burks","WAS","WR120","0.0","0.0","0.0","15.0","217.8","1.4","0.1","29.7"
"Emmett Johnson","KC","RB82","39.8","166.2","1.3","5.7","41.2","0.2","0.1","29.4"
"Devontez Walker","BAL","WR121","0.0","0.0","0.0","14.5","208.8","1.5","0.2","29.3"
"Elijah Arroyo","SEA","TE51","0.0","0.0","0.0","19.0","198.7","1.6","0.1","29.1"
"Eli Stowers","PHI","TE52","0.0","0.0","0.0","20.9","214.5","1.4","0.6","28.7"
"Tommy Tremble","CAR","TE53","0.0","0.0","0.0","20.7","189.3","1.6","0.1","28.6"
"Adam Trautman","DEN","TE54","0.0","0.0","0.0","19.3","197.7","1.5","0.0","28.6"
"LeQuint Allen Jr.","JAC","RB83","32.0","126.0","0.6","15.3","99.1","0.4","0.1","28.5"
"Ray Davis","BUF","RB84","32.3","137.9","1.1","7.8","60.0","0.4","0.2","28.1"
"Cyrus Allen","KC","WR122","0.0","0.0","0.0","16.2","203.2","1.3","0.2","27.7"
"Trayveon Williams","DET","RB85","32.0","138.0","1.0","9.0","77.0","0.0","0.0","27.5"
"Kendrick Bourne","ARI","WR123","0.0","0.0","0.0","22.8","239.2","0.7","0.2","27.5"
"Eli Raridon","NE","TE55","0.0","0.0","0.0","18.8","192.8","1.5","0.6","27.4"
"DJ Giddens","IND","RB86","33.3","140.5","1.0","8.4","58.3","0.3","0.2","27.4"
"Kalif Raymond","CHI","WR124","4.6","27.2","0.2","19.2","186.9","0.9","0.2","27.2"
"Davis Allen","LAR","TE56","0.0","0.0","0.0","16.9","157.3","1.9","0.0","26.9"
"Luke Musgrave","GB","TE57","0.0","0.0","0.0","20.5","200.5","1.1","0.0","26.7"
"Phil Mafah","DAL","RB87","31.6","137.2","1.5","4.2","32.3","0.1","0.1","26.7"
"Ty Chandler","NO","RB88","51.0","138.0","1.0","12.0","58.0","0.0","0.0","25.6"
"Ben Sims","MIA","TE58","0.0","0.0","0.0","19.5","184.6","1.2","0.0","25.4"
"Colbie Young","CIN","WR125","0.0","0.0","0.0","14.1","176.3","1.3","0.1","25.4"
"John Bates","WAS","TE59","0.0","0.0","0.0","17.1","169.9","1.6","0.6","25.3"
"Ja'Tavion Sanders","CAR","TE60","0.0","0.0","0.0","21.5","190.4","1.0","0.1","25.1"
"Marlin Klein","HOU","TE61","0.0","0.0","0.0","19.5","192.7","1.1","0.5","24.9"
"Jake Tonges","SF","TE62","0.0","0.0","0.0","16.7","167.2","1.3","0.0","24.7"
"Bryce Lance","NO","WR126","0.0","0.0","0.0","15.1","193.3","0.9","0.2","24.4"
"Isaiah Williams","NYJ","WR127","2.2","12.7","0.1","18.8","185.9","0.7","0.2","24.3"
"Elijah Higgins","ARI","TE63","0.0","0.0","0.0","22.0","196.0","0.8","0.6","23.5"
"Jam Miller","NE","RB89","34.0","145.0","1.0","2.0","25.0","0.0","0.0","23.0"
"Elijah Sarratt","BAL","WR128","0.0","0.0","0.0","11.1","165.8","1.0","0.1","22.4"
"Zavion Thomas","CHI","WR129","0.0","0.0","0.0","12.5","153.5","1.2","0.1","22.4"
"Salvon Ahmed","CHI","RB90","35.0","152.0","1.0","1.0","12.0","0.0","0.0","22.4"
"Nate Boerkircher","JAC","TE64","0.0","0.0","0.0","14.9","156.8","1.3","0.5","22.3"
"Jaylin Lane","WAS","WR130","0.0","0.0","0.0","12.4","159.5","1.1","0.1","22.2"
"Jeremy Ruckert","NYJ","TE65","0.0","0.0","0.0","19.7","146.3","1.3","0.0","22.2"
"Jarquez Hunter","LAR","RB91","32.0","148.0","1.0","1.0","14.0","0.0","0.0","22.2"
"Dameon Pierce","PHI","RB92","35.0","161.0","1.0","0.0","0.0","0.0","0.0","22.1"
"Israel Abanikanda","DAL","RB93","32.0","146.0","1.0","1.0","14.0","0.0","0.0","22.0"
"Brashard Smith","KC","RB94","25.0","89.0","0.5","10.5","71.0","0.5","0.0","22.0"
"Nick Vannett","SEA","TE66","0.0","0.0","0.0","10.0","95.0","2.0","0.0","21.5"
"Drew Sample","CIN","TE67","0.0","0.0","0.0","17.3","146.3","1.2","0.1","21.4"
"Xavier Hutchinson","HOU","WR131","2.1","12.4","0.1","12.5","152.3","0.7","0.1","21.1"
"Carlos Washington Jr.","MIA","RB95","31.0","130.0","1.0","2.0","19.0","0.0","0.0","20.9"
"Audric Estime","NO","RB96","30.0","122.0","1.0","3.0","24.0","0.0","0.0","20.6"
"Isaiah Bond","CLE","WR132","4.3","23.6","0.1","9.9","130.3","0.8","0.1","20.5"
"Jeremy McNichols","WAS","RB97","17.0","88.0","1.0","7.0","53.0","0.0","0.0","20.1"
"Jackson Hawes","BUF","TE68","0.0","0.0","0.0","10.5","115.1","1.4","0.0","20.1"
"Seth McGowan","IND","RB98","22.3","96.4","1.2","3.2","27.3","0.1","0.0","20.0"
"Jordan Whittington","LAR","WR133","2.3","12.1","0.1","11.3","128.2","0.9","0.1","20.0"
"Nate Adkins","DEN","TE69","0.0","0.0","0.0","11.9","88.4","1.8","0.0","19.8"
"Ben Sinnott","WAS","TE70","0.0","0.0","0.0","11.1","114.4","1.4","0.0","19.8"
"Kevin Coleman Jr.","MIA","WR134","0.0","0.0","0.0","13.5","170.2","0.4","0.1","19.3"
"Konata Mumpfield","LAR","WR135","0.0","0.0","0.0","9.9","126.7","1.1","0.1","19.3"
"Zack Kuntz","DAL","TE71","0.0","0.0","0.0","12.0","128.0","1.0","0.0","18.8"
"Will Mallory","IND","TE72","0.0","0.0","0.0","11.0","125.0","1.0","0.0","18.5"
"Kaytron Allen","WAS","RB99","23.6","110.9","0.7","3.0","25.7","0.1","0.0","18.4"
"Jack Endries","CIN","TE73","0.0","0.0","0.0","13.0","123.0","1.0","0.0","18.3"
"Foster Moreau","HOU","TE74","0.0","0.0","0.0","9.3","105.7","1.3","0.0","18.3"
"Skyler Bell","BUF","WR136","0.0","0.0","0.0","10.1","136.5","0.8","0.1","18.3"
"Tahj Brooks","CIN","RB100","30.3","128.4","0.9","0.0","0.0","0.0","0.1","18.2"
"Cade Stover","HOU","TE75","0.0","0.0","0.0","15.2","128.2","0.9","0.1","17.9"
"Brenen Thompson","LAC","WR137","2.1","11.3","0.1","9.5","121.7","0.7","0.1","17.9"
"Luke Schoonmaker","DAL","TE76","0.0","0.0","0.0","13.2","121.5","0.9","0.0","17.8"
"Grant Calcaterra","PHI","TE77","0.0","0.0","0.0","11.0","115.0","1.0","0.0","17.5"
"Mack Hollins","NE","WR138","0.0","0.0","0.0","10.8","126.6","0.8","0.1","17.2"
"Roman Wilson","PIT","WR139","0.0","0.0","0.0","11.8","135.1","0.6","0.1","17.0"
"Teagan Quitoriano","ARI","TE78","0.0","0.0","0.0","12.0","109.0","1.0","0.0","16.9"
"Zaire Mitchell-Paden","NO","TE79","0.0","0.0","0.0","11.0","108.0","1.0","0.0","16.8"
"Demond Claiborne","MIN","RB101","21.6","96.1","0.7","3.3","25.2","0.1","0.0","16.8"
"Devin Neal","NO","RB102","22.5","90.0","1.0","2.5","17.5","0.0","0.0","16.8"
"Mo Alie-Cox","IND","TE80","0.0","0.0","0.0","10.7","113.9","0.9","0.1","16.7"
"Hunter Luepke","DAL","RB103","13.4","56.5","0.4","8.6","61.6","0.4","0.1","16.4"
"Will Shipley","PHI","RB104","9.3","39.6","0.3","11.3","83.5","0.4","0.1","16.3"
"Tanner Hudson","CIN","TE81","0.0","0.0","0.0","13.1","110.3","0.9","0.1","16.2"
"Charlie Woerner","ATL","TE82","0.0","0.0","0.0","14.5","127.4","0.6","0.0","16.2"
"Thomas Fidone II","NYG","TE83","0.0","0.0","0.0","10.0","101.0","1.0","0.0","16.1"
"Kyle Williams","NE","WR140","4.1","22.4","0.2","6.4","91.4","0.6","0.1","15.6"
"Devin Singletary","NYG","RB105","22.2","88.9","0.6","4.2","26.3","0.1","0.1","15.6"
"Connor Heyward","LV","TE84","4.2","17.4","0.1","9.0","66.0","1.1","0.0","15.5"
"Drake Dabney","GB","TE85","0.0","0.0","0.0","10.0","95.0","1.0","0.0","15.5"
"Nicholas Singleton","TEN","RB106","20.3","83.7","0.6","4.3","30.2","0.2","0.1","15.4"
"Odell Beckham Jr.","NYG","WR141","0.0","0.0","0.0","9.2","113.2","0.6","0.1","14.8"
"Tez Johnson","TB","WR142","4.4","23.2","0.2","6.7","77.5","0.6","0.1","14.7"
"Jimmy Horn Jr.","CAR","WR143","6.2","36.7","0.2","6.7","75.7","0.4","0.1","14.5"
"Oscar Delp","NO","TE86","0.0","0.0","0.0","9.4","95.1","0.7","0.0","13.9"
"Durham Smythe","BAL","TE87","0.0","0.0","0.0","9.8","94.0","0.7","0.1","13.7"
"Mitchell Evans","CAR","TE88","0.0","0.0","0.0","8.0","71.5","1.0","0.0","13.2"
"Payne Durham","TB","TE89","0.0","0.0","0.0","7.6","80.8","0.8","0.0","12.9"
"Isaac Guerendo","SF","RB107","16.5","80.0","0.5","2.0","18.5","0.0","0.0","12.9"
"Max Klare","LAR","TE90","0.0","0.0","0.0","8.0","82.6","0.7","0.0","12.3"
"Devin Culp","TB","TE91","0.0","0.0","0.0","5.5","59.0","1.0","0.0","11.9"
"Jalen Royals","KC","WR144","0.0","0.0","0.0","6.8","78.2","0.6","0.1","11.5"
"Michael Burton","CLE","RB108","6.6","13.9","0.6","5.1","33.3","0.6","0.0","11.4"
"KeAndre Lambert-Smith","LAC","WR145","0.0","0.0","0.0","6.4","80.6","0.6","0.1","11.3"
"Tanner Koziol","JAC","TE92","0.0","0.0","0.0","7.0","73.8","0.6","0.0","11.2"
"Brevyn Spann-Ford","DAL","TE93","0.0","0.0","0.0","7.4","71.4","0.7","0.0","11.1"
"Nick Westbrook-Ikhine","IND","WR146","0.0","0.0","0.0","6.1","76.6","0.6","0.1","11.0"
"Justin Joly","DEN","TE94","0.0","0.0","0.0","8.0","71.4","0.7","0.0","11.0"
"Trevor Etienne","CAR","RB109","12.3","52.4","0.3","4.1","29.3","0.1","0.1","10.7"
"Hunter Long","JAC","TE95","0.0","0.0","0.0","5.0","45.0","1.0","0.0","10.5"
"Andrew Beck","NYJ","TE96","0.5","4.0","0.0","4.6","31.8","1.1","0.0","10.2"
"Greg Dortch","DET","WR147","4.6","24.0","0.4","4.1","39.7","0.3","0.1","10.0"
"Dont'e Thornton Jr.","LV","WR148","0.0","0.0","0.0","6.0","83.0","0.3","0.1","10.0"
"Mason Tipton","NO","WR149","0.0","0.0","0.0","6.8","80.6","0.3","0.1","9.9"
"Jack Stoll","CLE","TE97","0.0","0.0","0.0","7.8","63.2","0.6","0.0","9.8"
"Ian Thomas","LV","TE98","0.0","0.0","0.0","6.9","62.0","0.6","0.0","9.6"
"Joe Royer","CLE","TE99","0.0","0.0","0.0","7.5","67.4","0.3","0.1","8.7"
"Bo Melton","GB","WR150","4.5","25.9","0.1","2.9","37.4","0.3","0.1","8.5"
"Alec Ingold","LAC","RB110","2.1","8.6","0.1","7.9","58.7","0.2","0.1","8.5"
"Chris Manhertz","NYG","TE100","0.0","0.0","0.0","5.4","50.6","0.6","0.0","8.4"
"Malachi Corley","CLE","WR151","6.4","44.0","0.2","1.7","16.5","0.1","0.1","7.5"
"Lucas Krull","DEN","TE101","0.0","0.0","0.0","6.0","44.5","0.5","0.0","7.5"
"Cole Turner","MIA","TE102","0.0","0.0","0.0","4.5","44.0","0.5","0.0","7.4"
"Kendre Miller","NO","RB111","13.0","55.3","0.3","0.0","0.0","0.0","0.0","7.3"
"Barion Brown","NO","WR152","0.0","0.0","0.0","4.6","57.4","0.3","0.1","7.3"
"Tyrell Shavers","BUF","WR153","0.0","0.0","0.0","4.0","52.1","0.3","0.0","6.9"
"Derius Davis","LAC","WR154","2.1","11.0","0.1","3.5","38.1","0.3","0.1","6.8"
"Mitch Tinsley","CIN","WR155","0.0","0.0","0.0","3.3","41.8","0.4","0.0","6.5"
"Adam Prentice","DEN","RB112","4.1","17.4","0.1","4.1","29.9","0.2","0.0","6.3"
"Xavier Smith","LAR","WR156","0.0","0.0","0.0","3.6","44.4","0.3","0.0","6.3"
"CJ Daniels","LAR","WR157","0.0","0.0","0.0","3.4","42.8","0.3","0.0","6.3"
"Luke Farrell","SF","TE103","0.0","0.0","0.0","4.2","40.7","0.3","0.0","5.7"
"Jonathan Mingo","DAL","WR158","0.0","0.0","0.0","2.9","40.6","0.3","0.0","5.5"
"Justin Watson","HOU","WR159","0.0","0.0","0.0","3.1","41.6","0.2","0.0","5.5"
"Ko Kieft","TB","TE104","0.0","0.0","0.0","3.7","36.1","0.3","0.0","5.3"
"CJ Dippre","NE","TE105","0.0","0.0","0.0","3.9","37.3","0.3","0.0","5.3"
"Josh Cuevas","BAL","TE106","0.0","0.0","0.0","3.3","35.8","0.3","0.0","5.3"
"Tyler Conklin","DET","TE107","0.0","0.0","0.0","3.7","37.9","0.3","0.0","5.2"
"Darius Cooper","PHI","WR160","0.0","0.0","0.0","3.3","37.7","0.3","0.0","5.2"
"Eric Saubert","SEA","TE108","0.0","0.0","0.0","3.4","34.4","0.3","0.0","5.2"
"Drew Ogletree","IND","TE109","0.0","0.0","0.0","3.6","36.3","0.3","0.0","5.2"
"Josh Whyle","GB","TE110","0.0","0.0","0.0","3.6","33.0","0.3","0.0","5.2"
"Max Bredeson","MIN","RB113","2.0","8.5","0.1","4.5","29.4","0.2","0.0","5.1"
"Tai Felton","MIN","WR161","0.0","0.0","0.0","3.7","37.1","0.2","0.0","5.1"
"Sam Roush","CHI","TE111","0.0","0.0","0.0","3.7","33.8","0.3","0.0","5.0"
"Kaleb Johnson","PIT","RB114","8.6","35.9","0.2","0.0","0.0","0.0","0.0","4.9"
"Johnny Mundt","PHI","TE112","0.0","0.0","0.0","3.5","35.4","0.2","0.0","4.8"
"Reggie Virgil","ARI","WR162","0.0","0.0","0.0","3.4","39.3","0.1","0.0","4.7"
"Tip Reiman","ARI","TE113","0.0","0.0","0.0","3.8","34.4","0.2","0.0","4.6"
"Brycen Tremayne","CAR","WR163","0.0","0.0","0.0","3.3","36.1","0.2","0.0","4.5"
"Reggie Gilliam","NE","RB115","0.0","0.0","0.0","4.1","29.8","0.2","0.0","3.8"
"Riley Nowakowski","PIT","TE114","0.0","0.0","0.0","4.3","29.2","0.2","0.0","3.8"
"Arian Smith","NYJ","WR164","4.4","23.7","0.2","0.0","0.0","0.0","0.0","3.5"
"Patrick Ricard","NYG","RB116","0.0","0.0","0.0","3.9","26.8","0.1","0.0","3.5"
"British Brooks","HOU","RB117","4.2","18.0","0.1","0.0","0.0","0.0","0.0","2.4"
"Ben Skowronek","PIT","WR165","0.0","0.0","0.0","1.8","17.0","0.1","0.0","2.1"
"Jalen Reagor","MIA","WR166","0.0","0.0","0.0","1.4","17.7","0.1","0.0","2.0"
"Kameron Johnson","TB","WR167","2.2","12.1","0.1","0.0","0.0","0.0","0.0","1.8"
"Kaden Wetjen","PIT","WR168","2.2","11.7","0.1","0.0","0.0","0.0","0.0","1.6"
"Laquon Treadwell","IND","WR169","0.0","0.0","0.0","0.0","0.0","0.0","0.0","0.0"
"David Moore","CAR","WR170","0.0","0.0","0.0","0.0","0.0","0.0","0.0","0.0"
"Braxton Berrios","NYG","WR171","0.0","0.0","0.0","0.0","0.0","0.0","0.0","0.0"
"Devin Duvernay","ARI","WR172","0.0","0.0","0.0","0.0","0.0","0.0","0.0","0.0"
"Mason Kinsey","TEN","WR173","0.0","0.0","0.0","0.0","0.0","0.0","0.0","0.0"
"Michael Bandy","DEN","WR174","0.0","0.0","0.0","0.0","0.0","0.0","0.0","0.0"
"Skyy Moore","GB","WR175","0.0","0.0","0.0","0.0","0.0","0.0","0.0","0.0"
"Britain Covey","PHI","WR176","0.0","0.0","0.0","0.0","0.0","0.0","0.0","0.0"
"Dareke Young","LV","WR177","0.0","0.0","0.0","0.0","0.0","0.0","0.0","0.0"
"Jacob Cowing","SF","WR178","0.0","0.0","0.0","0.0","0.0","0.0","0.0","0.0"
"Charlie Jones","CIN","WR179","0.0","0.0","0.0","0.0","0.0","0.0","0.0","0.0"
"Jalen Brooks","ARI","WR180","0.0","0.0","0.0","0.0","0.0","0.0","0.0","0.0"
"Nikko Remigio","KC","WR181","0.0","0.0","0.0","0.0","0.0","0.0","0.0","0.0"
"Anthony Gould","IND","WR182","0.0","0.0","0.0","0.0","0.0","0.0","0.0","0.0"
"Jeshaun Jones","MIN","WR183","0.0","0.0","0.0","0.0","0.0","0.0","0.0","0.0"
"Efton Chism III","NE","WR184","0.0","0.0","0.0","0.0","0.0","0.0","0.0","0.0"
"LaJohntay Wester","BAL","WR185","0.0","0.0","0.0","0.0","0.0","0.0","0.0","0.0"
"Ke'Shawn Williams","CIN","WR186","0.0","0.0","0.0","0.0","0.0","0.0","0.0","0.0"
"Myles Price","MIN","WR187","0.0","0.0","0.0","0.0","0.0","0.0","0.0","0.0"
"Gage Larvadain","CLE","WR188","0.0","0.0","0.0","0.0","0.0","0.0","0.0","0.0"
"Josh Cameron","JAC","WR189","0.0","0.0","0.0","0.0","0.0","0.0","0.0","0.0"
"Quintin Morris","JAC","TE115","0.0","0.0","0.0","0.0","0.0","0.0","0.0","0.0"
"Jelani Woods","NYJ","TE116","0.0","0.0","0.0","0.0","0.0","0.0","0.0","0.0"
"Blake Whiteheart","CLE","TE117","0.0","0.0","0.0","0.0","0.0","0.0","0.0","0.0"
"Julian Hill","NE","TE118","0.0","0.0","0.0","0.0","0.0","0.0","0.0","0.0"
"DeeJay Dallas","JAC","RB118","0.0","0.0","0.0","0.0","0.0","0.0","0.0","0.0"
"Jerome Ford","WAS","RB119","0.0","0.0","0.0","0.0","0.0","0.0","0.0","0.0"
"Kene Nwangwu","NYJ","RB120","0.0","0.0","0.0","0.0","0.0","0.0","0.0","0.0"
"Tyler Badie","DEN","RB121","0.0","0.0","0.0","0.0","0.0","0.0","0.0","0.0"
"Bam Knight","ARI","RB122","0.0","0.0","0.0","0.0","0.0","0.0","0.0","0.0"
"Trey Benson","ARI","RB123","0.0","0.0","0.0","0.0","0.0","0.0","0.0","0.0"
"Jacob Saylors","DET","RB124","0.0","0.0","0.0","0.0","0.0","0.0","0.0","0.0"
"Zavier Scott","MIN","RB125","0.0","0.0","0.0","0.0","0.0","0.0","0.0","0.0"
"Rasheen Ali","BAL","RB126","0.0","0.0","0.0","0.0","0.0","0.0","0.0","0.0"
"Dylan Laube","LV","RB127","0.0","0.0","0.0","0.0","0.0","0.0","0.0","0.0"
"Chris Collier","LV","RB128","0.0","0.0","0.0","0.0","0.0","0.0","0.0","0.0"
"Josh Williams","TB","RB129","0.0","0.0","0.0","0.0","0.0","0.0","0.0","0.0"
""
""