"Player","Team","REC","YDS","TDS","FL","FPTS"
" ","",""
"Brock Bowers","LV","96.6","1026.9","7.5","0.2","147.5"
"Trey McBride","ARI","108.9","1051.1","6.8","0.2","145.3"
"Colston Loveland","CHI","79.1","927.5","6.7","0.2","132.3"
"Tyler Warren","IND","79.0","878.1","5.5","0.3","120.2"
"Tucker Kraft","GB","61.5","785.8","6.5","0.2","116.9"
"Kyle Pitts Sr.","ATL","79.5","880.9","4.7","0.1","116.2"
"Dallas Goedert","PHI","65.5","688.9","7.6","0.2","113.9"
"Sam LaPorta","DET","70.4","813.9","5.5","0.2","113.7"
"Harold Fannin Jr.","CLE","78.7","816.3","5.4","0.8","112.5"
"George Kittle","SF","66.3","753.4","5.7","0.2","109.4"
"Mark Andrews","BAL","59.7","618.5","7.7","0.3","107.5"
"Travis Kelce","KC","74.9","785.7","4.8","0.3","107.1"
"Dalton Kincaid","BUF","57.1","706.8","5.5","0.2","103.1"
"Isaiah Likely","NYG","62.8","745.2","5.0","1.3","102.2"
"Hunter Henry","NE","55.6","645.2","5.1","0.1","94.8"
"Jake Ferguson","DAL","73.9","606.4","5.9","1.4","93.5"
"Brenton Strange","JAC","60.0","661.2","4.3","0.2","91.7"
"Juwan Johnson","NO","64.7","730.4","3.3","1.3","90.0"
"Dalton Schultz","HOU","65.8","628.7","3.4","0.2","82.7"
"Pat Freiermuth","PIT","53.0","560.0","4.3","0.2","81.2"
"Terrance Ferguson","LAR","37.3","516.8","4.8","0.2","80.1"
"Greg Dulcich","MIA","54.6","620.0","3.2","1.2","79.0"
"Kenyon Sadiq","NYJ","49.7","546.6","4.1","0.7","77.6"
"T.J. Hockenson","MIN","63.9","574.5","3.3","0.2","76.7"
"AJ Barner","SEA","48.6","469.9","4.9","0.2","75.8"
"Cade Otton","TB","54.8","557.8","3.1","0.1","74.1"
"Chig Okonkwo","WAS","52.8","569.8","2.8","0.1","73.4"
"Oronde Gadsden II","LAC","40.4","509.2","3.2","0.6","68.8"
"Darren Waller","CAR","37.4","392.8","4.3","0.1","65.1"
"Mike Gesicki","CIN","41.4","434.3","3.6","0.1","64.7"
"Evan Engram","DEN","53.4","475.9","2.7","0.1","63.7"
"Gunnar Helm","TEN","48.9","444.1","3.1","0.2","62.7"
"David Njoku","LAC","38.3","363.2","4.3","0.1","61.8"
"Colby Parkinson","LAR","34.3","352.5","4.0","0.6","58.2"
"Mason Taylor","NYJ","45.8","403.5","2.4","0.1","54.8"
"Dawson Knox","BUF","28.6","331.7","2.9","0.1","50.6"
"Michael Mayer","LV","40.0","378.0","2.1","0.1","50.2"
"Theo Johnson","NYG","27.5","313.7","2.9","0.1","48.4"
"Tyler Higbee","LAR","26.1","306.5","2.4","0.0","45.1"
"Darnell Washington","PIT","30.7","329.1","2.0","0.6","43.4"
"Cole Kmet","CHI","26.2","274.1","2.2","0.1","40.6"
"Erick All Jr.","CIN","30.5","268.6","1.9","0.1","38.3"
"Will Kacmarek","MIA","26.6","251.2","1.9","0.6","35.3"
"Charlie Kolar","LAC","20.2","230.3","2.0","0.1","35.2"
"Noah Fant","NO","29.3","274.5","1.6","1.6","33.9"
"Josh Oliver","MIN","18.6","194.3","2.4","0.1","33.6"
"Austin Hooper","ATL","22.5","236.4","1.6","0.1","33.1"
"Daniel Bellinger","TEN","19.3","222.3","1.8","0.0","32.6"
"Brock Wright","DET","19.9","175.6","2.3","0.0","31.4"
"Noah Gray","KC","21.0","211.8","1.5","0.1","29.9"
"Elijah Arroyo","SEA","19.0","198.7","1.6","0.1","29.1"
"Eli Stowers","PHI","20.9","214.5","1.4","0.6","28.7"
"Tommy Tremble","CAR","20.7","189.3","1.6","0.1","28.6"
"Adam Trautman","DEN","19.3","197.7","1.5","0.0","28.6"
"Eli Raridon","NE","18.8","192.8","1.5","0.6","27.4"
"Davis Allen","LAR","16.9","157.3","1.9","0.0","26.9"
"Luke Musgrave","GB","20.5","200.5","1.1","0.0","26.7"
"Ben Sims","MIA","19.5","184.6","1.2","0.0","25.4"
"John Bates","WAS","17.1","169.9","1.6","0.6","25.3"
"Ja'Tavion Sanders","CAR","21.5","190.4","1.0","0.1","25.1"
"Marlin Klein","HOU","19.5","192.7","1.1","0.5","24.9"
"Jake Tonges","SF","16.7","167.2","1.3","0.0","24.7"
"Elijah Higgins","ARI","22.0","196.0","0.8","0.6","23.5"
"Nate Boerkircher","JAC","14.9","156.8","1.3","0.5","22.3"
"Connor Heyward","LV","14.0","103.0","2.0","0.0","22.3"
"Jeremy Ruckert","NYJ","19.7","146.3","1.3","0.0","22.2"
"Nick Vannett","SEA","10.0","95.0","2.0","0.0","21.5"
"Drew Sample","CIN","17.3","146.3","1.2","0.1","21.4"
"Jackson Hawes","BUF","10.5","115.1","1.4","0.0","20.1"
"Nate Adkins","DEN","11.9","88.4","1.8","0.0","19.8"
"Ben Sinnott","WAS","11.1","114.4","1.4","0.0","19.8"
"Zack Kuntz","DAL","12.0","128.0","1.0","0.0","18.8"
"Will Mallory","IND","11.0","125.0","1.0","0.0","18.5"
"Jack Endries","CIN","13.0","123.0","1.0","0.0","18.3"
"Foster Moreau","HOU","9.3","105.7","1.3","0.0","18.3"
"Cade Stover","HOU","15.2","128.2","0.9","0.1","17.9"
"Luke Schoonmaker","DAL","13.2","121.5","0.9","0.0","17.8"
"Grant Calcaterra","PHI","11.0","115.0","1.0","0.0","17.5"
"Teagan Quitoriano","ARI","12.0","109.0","1.0","0.0","16.9"
"Zaire Mitchell-Paden","NO","11.0","108.0","1.0","0.0","16.8"
"Mo Alie-Cox","IND","10.7","113.9","0.9","0.1","16.7"
"Tanner Hudson","CIN","13.1","110.3","0.9","0.1","16.2"
"Charlie Woerner","ATL","14.5","127.4","0.6","0.0","16.2"
"Thomas Fidone II","NYG","10.0","101.0","1.0","0.0","16.1"
"Drake Dabney","GB","10.0","95.0","1.0","0.0","15.5"
"Oscar Delp","NO","9.4","95.1","0.7","0.0","13.9"
"Durham Smythe","BAL","9.8","94.0","0.7","0.1","13.7"
"Mitchell Evans","CAR","8.0","71.5","1.0","0.0","13.2"
"Payne Durham","TB","7.6","80.8","0.8","0.0","12.9"
"Max Klare","LAR","8.0","82.6","0.7","0.0","12.3"
"Devin Culp","TB","5.5","59.0","1.0","0.0","11.9"
"Tanner Koziol","JAC","7.0","73.8","0.6","0.0","11.2"
"Brevyn Spann-Ford","DAL","7.4","71.4","0.7","0.0","11.1"
"Justin Joly","DEN","8.0","71.4","0.7","0.0","11.0"
"Hunter Long","JAC","5.0","45.0","1.0","0.0","10.5"
"Jack Stoll","CLE","7.8","63.2","0.6","0.0","9.8"
"Ian Thomas","LV","6.9","62.0","0.6","0.0","9.6"
"Joe Royer","CLE","7.5","67.4","0.3","0.1","8.7"
"Chris Manhertz","NYG","5.4","50.6","0.6","0.0","8.4"
"Lucas Krull","DEN","6.0","44.5","0.5","0.0","7.5"
"Cole Turner","MIA","4.5","44.0","0.5","0.0","7.4"
"Luke Farrell","SF","4.2","40.7","0.3","0.0","5.7"
"Ko Kieft","TB","3.7","36.1","0.3","0.0","5.3"
"CJ Dippre","NE","3.9","37.3","0.3","0.0","5.3"
"Josh Cuevas","BAL","3.3","35.8","0.3","0.0","5.3"
"Tyler Conklin","DET","3.7","37.9","0.3","0.0","5.2"
"Eric Saubert","SEA","3.4","34.4","0.3","0.0","5.2"
"Drew Ogletree","IND","3.6","36.3","0.3","0.0","5.2"
"Josh Whyle","GB","3.6","33.0","0.3","0.0","5.2"
"Sam Roush","CHI","3.7","33.8","0.3","0.0","5.0"
"Johnny Mundt","PHI","3.5","35.4","0.2","0.0","4.8"
"Tip Reiman","ARI","3.8","34.4","0.2","0.0","4.6"
"Quintin Morris","JAC","0.0","0.0","0.0","0.0","0.0"
"Jelani Woods","NYJ","0.0","0.0","0.0","0.0","0.0"
"Blake Whiteheart","CLE","0.0","0.0","0.0","0.0","0.0"
"Julian Hill","NE","0.0","0.0","0.0","0.0","0.0"
""
""